THE_GEOM,ID_COL,ID_ROW,PK
POINT Z(2496682.2844730876 1116854.1525357629 4),1,1,1
POINT Z(2496882.2844730876 1116854.1525357629 4),2,1,2
POINT Z(2497482.2844730876 1116854.1525357629 4),5,1,5
