IDRECEIVER,PERIOD,THE_GEOM,HZ63,…,HZ8000,LAEQ,LEQ
1433,344,SRID=2056;POINT Z (2496912.2844730876 1116884.1525357629 4),44.601295,,14.591279,38.107693,46.40716
1433,448,SRID=2056;POINT Z (2496912.2844730876 1116884.1525357629 4),46.617485,,15.979266,40.203373,48.37574
1433,648,SRID=2056;POINT Z (2496912.2844730876 1116884.1525357629 4),46.617485,,15.979266,40.203373,48.37574
