THE_GEOM,DEVEUI
POINT Z(2499748.01396418 1118023.64763599 4),57a
POINT Z(2497926.50847343 1119715.69600241 4),649
POINT Z(2499855.07784477 1118032.40228679 4),582
POINT Z(2497737.00785445 1119351.14658559 4),51b
POINT Z(2499392.11210506 1118441.15233318 4),4a6
POINT Z(2498584.3443027 1119522.320612 4),650
POINT Z(2498084.77671566 1119172.90847018 4),5c5
